Workbook

Sheet HSN
C4: Values
A5: hsn_code | B5: gst_rate | C5: Sum of QTY | D5: Sum of TOTAL | E5: Sum of tcs_taxable_amount | F5: Sum of IGST | G5: Sum of SGST | H5: Sum of CGST
A6: 6111 | B6: 5 | C6: 21 | D6: 7176 | E6: 6834.2857 | F6: 325.90476 | G6: 7.9047619 | H6: 7.9047619
A7: 611120 | B7: 5 | C7: 9 | D7: 3931 | E7: 3743.8095 | F7: 165.14286 | G7: 11.02381 | H7: 11.02381
A8: Grand Total | C8: 30 | D8: 11107 | E8: 10578.095 | F8: 491.04762 | G8: 18.928571 | H8: 18.928571

Sheet TCS
A2: 19AARCM9332R1CL | B2: MEESHO TECHNOLOGIES PRIVATE LIMITED | C2: 45931 | D2: 455.24 | E2: 0 | F2: 455.24 | G2: 2.28 | H2: 0 | I2: 0 | J2: NO ACTION TAKEN | K2: Tripura
A3: 19AARCM9332R1CL | B3: MEESHO TECHNOLOGIES PRIVATE LIMITED | C3: 45931 | D3: 950.48 | E3: 0 | F3: 950.48 | G3: 4.75 | H3: 0 | I3: 0 | J3: NO ACTION TAKEN | K3: Maharashtra
A4: 19AARCM9332R1CL | B4: MEESHO TECHNOLOGIES PRIVATE LIMITED | C4: 45931 | D4: 295.24 | E4: 0 | F4: 295.24 | G4: 1.48 | H4: 0 | I4: 0 | J4: NO ACTION TAKEN | K4: Telangana
A5: 19AARCM9332R1CL | B5: MEESHO TECHNOLOGIES PRIVATE LIMITED | C5: 45931 | D5: 931.43 | E5: 0 | F5: 931.43 | G5: 4.66 | H5: 0 | I5: 0 | J5: NO ACTION TAKEN | K5: Andhra Pradesh
A6: 19AARCM9332R1CL | B6: MEESHO TECHNOLOGIES PRIVATE LIMITED | C6: 45931 | D6: 432.38 | E6: 0 | F6: 432.38 | G6: 2.16 | H6: 0 | I6: 0 | J6: NO ACTION TAKEN | K6: Uttar Pradesh
A7: 19AARCM9332R1CL | B7: MEESHO TECHNOLOGIES PRIVATE LIMITED | C7: 45931 | D7: 320.95 | E7: 0 | F7: 320.95 | G7: 1.6 | H7: 0 | I7: 0 | J7: NO ACTION TAKEN | K7: Assam
A8: 19AARCM9332R1CL | B8: MEESHO TECHNOLOGIES PRIVATE LIMITED | C8: 45931 | D8: 643.81 | E8: 0 | F8: 643.81 | G8: 3.22 | H8: 0 | I8: 0 | J8: NO ACTION TAKEN | K8: Karnataka
A9: 19AARCM9332R1CL | B9: MEESHO TECHNOLOGIES PRIVATE LIMITED | C9: 45931 | D9: 416.19 | E9: 0 | F9: 416.19 | G9: 2.08 | H9: 0 | I9: 0 | J9: NO ACTION TAKEN | K9: Rajasthan
A10: 19AARCM9332R1CL | B10: MEESHO TECHNOLOGIES PRIVATE LIMITED | C10: 45931 | D10: 757.14 | E10: 0 | F10: 757.14 | G10: 0 | H10: 1.9 | I10: 1.9 | J10: NO ACTION TAKEN | K10: West Bengal
A11: 19AARCM9332R1CL | B11: MEESHO TECHNOLOGIES PRIVATE LIMITED | C11: 45931 | D11: 433.33 | E11: 0 | F11: 433.33 | G11: 2.17 | H11: 0 | I11: 0 | J11: NO ACTION TAKEN | K11: Madhya Pradesh
A12: 19AARCM9332R1CL | B12: MEESHO TECHNOLOGIES PRIVATE LIMITED | C12: 45931 | D12: 445.71 | E12: 0 | F12: 445.71 | G12: 2.23 | H12: 0 | I12: 0 | J12: NO ACTION TAKEN | K12: Gujarat
A13: 19AARCM9332R1CL | B13: MEESHO TECHNOLOGIES PRIVATE LIMITED | C13: 45931 | D13: 827.62 | E13: 0 | F13: 827.62 | G13: 4.14 | H13: 0 | I13: 0 | J13: NO ACTION TAKEN | K13: Bihar
... A17: 19AARCM9332R1CL | B17: MEESHO TECHNOLOGIES PRIVATE LIMITED | C17: 45931 | D17: 2028.57 | E17: 666.67 | F17: 1361.9 | G17: 6.81 | H17: 0 | I17: 0 | J17: NO ACTION TAKEN | K17: Tamil Nadu
D18: =SUM(D2:D17) -> 11597.13 | E18: =SUM(E2:E17) -> 1019.05 | F18: =SUM(F2:F17) -> 10578.08 | G18: =SUM(G2:G17) -> 49.11 | H18: =SUM(H2:H17) -> 1.9 | I18: =SUM(I2:I17) -> 1.9

Sheet B2C
A1: WEBSITE | B1: (All)
A2: TYPE | B2: (Multiple Items)
B4: Values
A5: STATE | B5: Sum of tcs_taxable_amount | C5: Sum of IGST | D5: Sum of SGST | E5: Sum of CGST
A6: 08-Rajasthan | B6: 416.19048 | C6: 20.809524 | D6: 0 | E6: 0 | G6: GSTIN of E-com | H6: Name of E-com | I6: Name | J6: Net Value (₹) | K6: Integrated tax (₹) | L6: Central tax (₹) | M6: State/UT tax (₹)
A7: 09-Uttar Pradesh | B7: 432.38095 | C7: 21.619048 | D7: 0 | E7: 0 | G7: 19AACCF6368D1CU | H7: Fashnear Technologies Private Limited | I7: Messo | J7: =SUMIF(raw!A:A,B2C!I7,raw!F:F) -> 10578.095 | K7: =SUMIF(raw!A:A,B2C!I7,raw!M:M) -> 491.04762 | L7: =SUMIF(raw!A:A,B2C!I7,raw!K:K) -> 18.928571 | M7: =SUMIF(raw!A:A,B2C!I7,raw!L:L) -> 18.928571
A8: 10-Bihar | B8: 827.61905 | C8: 41.380952 | D8: 0 | E8: 0 | G8: 19AACCF0683K1CP | H8: FLIPKART INTERNET PRIVATE LIMITED | I8: Flipkart | J8: =SUMIF(raw!A:A,B2C!I8,raw!F:F) -> 0 | K8: =SUMIF(raw!A:A,B2C!I8,raw!M:M) -> 0 | L8: =SUMIF(raw!A:A,B2C!I8,raw!K:K) -> 0 | M8: =SUMIF(raw!A:A,B2C!I8,raw!L:L) -> 0
A9: 16-Tripura | B9: 455.2381 | C9: 22.761905 | D9: 0 | E9: 0 | J9: =SUM(J7:J8) -> 10578.095 | K9: =SUM(K7:K8) -> 491.04762 | L9: =SUM(L7:L8) -> 18.928571 | M9: =SUM(M7:M8) -> 18.928571
A10: 18-Assam | B10: 320.95238 | C10: 16.047619 | D10: 0 | E10: 0
A11: 19-West Bengal | B11: 757.14286 | C11: 0 | D11: 18.928571 | E11: 18.928571
A12: 21-Odisha | B12: 633.33333 | C12: 31.666667 | D12: 0 | E12: 0
A13: 22-Chhattisgarh | B13: 292.38095 | C13: 14.619048 | D13: 0 | E13: 0
A14: 23-Madhya Pradesh | B14: 433.33333 | C14: 21.666667 | D14: 0 | E14: 0
A15: 24-Gujarat | B15: 445.71429 | C15: 22.285714 | D15: 0 | E15: 0
A16: 27-Maharashtra | B16: 950.47619 | C16: 47.52381 | D16: 0 | E16: 0
A17: 29-Karnataka | B17: 643.80952 | C17: 32.190476 | D17: 0 | E17: 0 | G17: Intra state transaction vs Inter state transaction
A18: 32-Kerala | B18: 1380.9524 | C18: 69.047619 | D18: 0 | E18: 0
A19: 33-Tamil Nadu | B19: 1361.9048 | C19: 68.095238 | D19: 0 | E19: 0 | G19: State | H19: Net Value (₹) | I19: Integrated tax (₹) | J19: Central tax (₹) | K19: State/UT tax (₹)
A20: 36-Telangana | B20: 295.2381 | C20: 14.761905 | D20: 0 | E20: 0 | G20: West Bengal | H20: =SUMIF(raw!G:G,B2C!G20,raw!F:F) -> 757.14286 | I20: =SUMIF(raw!G:G,B2C!G20,raw!M:M) -> 0 | J20: =SUMIF(raw!G:G,B2C!G20,raw!K:K) -> 18.928571 | K20: =SUMIF(raw!G:G,B2C!G20,raw!L:L) -> 18.928571
A21: 37-Andhra Pradesh | B21: 931.42857 | C21: 46.571429 | D21: 0 | E21: 0 | G21: Other than Westbegal | H21: =J9-H20 -> 9820.9524 | I21: =K9-I20 -> 491.04762 | J21: =L9-J20 -> 0 | K21: =M9-K20 -> 0
A22: Grand Total | B22: 10578.095 | C22: 491.04762 | D22: 18.928571 | E22: 18.928571 | H22: =SUM(H20:H21) -> 10578.095 | I22: =SUM(I20:I21) -> 491.04762 | J22: =SUM(J20:J21) -> 18.928571 | K22: =SUM(K20:K21) -> 18.928571
A41: Place of Supply (Name of State) | B41: Rate (%) | C41: Total Taxable Value | D41: Integrated tax (₹) | E41: Central tax (₹) | F41: State/UT tax (₹) | G41: Cess (₹) | H41: Applicable percentage(%) | I41: Actions
A42: West Bengal | B42: 5 | C42: 757.14 | D42: 0 | E42: 18.93 | F42: 18.93 | G42: 0 | H42: -
A43: Odisha | B43: 5 | C43: 633.33 | D43: 31.67 | E43: 0 | F43: 0 | G43: 0 | H43: -
A44: Chhattisgarh | B44: 5 | C44: 292.38 | D44: 14.62 | E44: 0 | F44: 0 | G44: 0 | H44: -
A45: Madhya Pradesh | B45: 5 | C45: 433.33 | D45: 21.67 | E45: 0 | F45: 0 | G45: 0 | H45: -
A46: Gujarat | B46: 5 | C46: 445.71 | D46: 22.29 | E46: 0 | F46: 0 | G46: 0 | H46: -
A47: Uttar Pradesh | B47: 5 | C47: 432.38 | D47: 21.62 | E47: 0 | F47: 0 | G47: 0 | H47: -
A48: Bihar | B48: 5 | C48: 827.62 | D48: 41.38 | E48: 0 | F48: 0 | G48: 0 | H48: -
A49: Assam | B49: 5 | C49: 320.95 | D49: 16.05 | E49: 0 | F49: 0 | G49: 0 | H49: -
A50: Tripura | B50: 5 | C50: 455.24 | D50: 22.76 | E50: 0 | F50: 0 | G50: 0 | H50: -
A51: Rajasthan | B51: 5 | C51: 416.19 | D51: 20.81 | E51: 0 | F51: 0 | G51: 0 | H51: -
A52: Maharashtra | B52: 5 | C52: 950.48 | D52: 47.52 | E52: 0 | F52: 0 | G52: 0 | H52: -
A53: Karnataka | B53: 5 | C53: 643.31 | D53: 32.17 | E53: 0 | F53: 0 | G53: 0 | H53: -
... A56: Andhra Pradesh | B56: 5 | C56: 1361.9 | D56: 68.1 | E56: 0 | F56: 0 | G56: 0 | H56: -
G60: Supplies returned (₹)
G62: 56323
G63: 555682.86
B80: =H22-J9 -> 0 | C80: =I22-K9 -> 0 | D80: =J22-L9 -> 0 | E80: =K22-M9 -> 0

Sheet raw
Q1: =_xlfn.TEXTJOIN(" next ",TRUE,K1:O1) | R1: =IF(J1=$X$22,F1*E1%/2,0) next =IF(J1=$X$22,F1*E1%/2,0) next =IF(J1=$X$22,0,F1*E1%) next =K1+L1+M1+F1 next =(M1+L1+K1)/F1=E1%
A2: WEBSITE | B2: order_date | C2: order_num | D2: hsn_code | E2: gst_rate | F2: tcs_taxable_amount | G2: end_customer_state_new | H2: TYPE | I2: QTY | J2: STATE | K2: CGST | L2: SGST | M2: IGST | N2: TOTAL | O2: Check
A3: Messo | B3: 2025-10-26 | C3: 213859143367869056_1 | D3: 6111 | E3: 5 | F3: 344.7619 | G3: TAMIL NADU | H3: Sale | I3: 1 | J3: =VLOOKUP(G3,' State_Mapping'!A:B,2,0) -> 33-Tamil Nadu | K3: =IF(J3=$X$22,F3*E3%/2,0) -> 0 | L3: =IF(J3=$X$22,F3*E3%/2,0) -> 0 | M3: =IF(J3=$X$22,0,F3*E3%) -> 17.238095 | N3: =K3+L3+M3+F3 -> 362 | O3: =(M3+L3+K3)/F3=E3% -> TRUE | Y3: 1
A4: Messo | B4: 2025-10-30 | C4: 215369961139472320_1 | D4: 611120 | E4: 5 | F4: 445.71429 | G4: GUJARAT | H4: Sale | I4: 1 | J4: =VLOOKUP(G4,' State_Mapping'!A:B,2,0) -> 24-Gujarat | K4: =IF(J4=$X$22,F4*E4%/2,0) -> 0 | L4: =IF(J4=$X$22,F4*E4%/2,0) -> 0 | M4: =IF(J4=$X$22,0,F4*E4%) -> 22.285714 | N4: =K4+L4+M4+F4 -> 468 | O4: =(M4+L4+K4)/F4=E4% -> TRUE | Y4: 1
A5: Messo | B5: 2025-10-15 | C5: 209901312851657344_1 | D5: 6111 | E5: 5 | F5: 281.90476 | G5: MAHARASHTRA | H5: Sale | I5: 1 | J5: =VLOOKUP(G5,' State_Mapping'!A:B,2,0) -> 27-Maharashtra | K5: =IF(J5=$X$22,F5*E5%/2,0) -> 0 | L5: =IF(J5=$X$22,F5*E5%/2,0) -> 0 | M5: =IF(J5=$X$22,0,F5*E5%) -> 14.095238 | N5: =K5+L5+M5+F5 -> 296 | O5: =(M5+L5+K5)/F5=E5% -> TRUE | Y5: 1
A6: Messo | B6: 2025-10-31 | C6: 215663424582677888_1 | D6: 6111 | E6: 5 | F6: 374.28571 | G6: KERALA | H6: Sale | I6: 1 | J6: =VLOOKUP(G6,' State_Mapping'!A:B,2,0) -> 32-Kerala | K6: =IF(J6=$X$22,F6*E6%/2,0) -> 0 | L6: =IF(J6=$X$22,F6*E6%/2,0) -> 0 | M6: =IF(J6=$X$22,0,F6*E6%) -> 18.714286 | N6: =K6+L6+M6+F6 -> 393 | O6: =(M6+L6+K6)/F6=E6% -> TRUE | Y6: 1
A7: Messo | B7: 2025-10-30 | C7: 215467415746878400_1 | D7: 6111 | E7: 5 | F7: 343.80952 | G7: MAHARASHTRA | H7: Sale | I7: 1 | J7: =VLOOKUP(G7,' State_Mapping'!A:B,2,0) -> 27-Maharashtra | K7: =IF(J7=$X$22,F7*E7%/2,0) -> 0 | L7: =IF(J7=$X$22,F7*E7%/2,0) -> 0 | M7: =IF(J7=$X$22,0,F7*E7%) -> 17.190476 | N7: =K7+L7+M7+F7 -> 361 | O7: =(M7+L7+K7)/F7=E7% -> TRUE | Y7: 1
A8: Messo | B8: 2025-10-29 | C8: 215086371763783616_1 | D8: 6111 | E8: 5 | F8: 265.71429 | G8: ANDHRA PRADESH | H8: Sale | I8: 1 | J8: =VLOOKUP(G8,' State_Mapping'!A:B,2,0) -> 37-Andhra Pradesh | K8: =IF(J8=$X$22,F8*E8%/2,0) -> 0 | L8: =IF(J8=$X$22,F8*E8%/2,0) -> 0 | M8: =IF(J8=$X$22,0,F8*E8%) -> 13.285714 | N8: =K8+L8+M8+F8 -> 279 | O8: =(M8+L8+K8)/F8=E8% -> TRUE | Y8: 1
A9: Messo | B9: 2025-10-15 | C9: 209946414817507840_1 | D9: 6111 | E9: 5 | F9: 303.80952 | G9: TAMIL NADU | H9: Sale | I9: 1 | J9: =VLOOKUP(G9,' State_Mapping'!A:B,2,0) -> 33-Tamil Nadu | K9: =IF(J9=$X$22,F9*E9%/2,0) -> 0 | L9: =IF(J9=$X$22,F9*E9%/2,0) -> 0 | M9: =IF(J9=$X$22,0,F9*E9%) -> 15.190476 | N9: =K9+L9+M9+F9 -> 319 | O9: =(M9+L9+K9)/F9=E9% -> TRUE | Y9: 1
A10: Messo | B10: 2025-10-27 | C10: 214281690707789760_1 | D10: 6111 | E10: 5 | F10: 285.71429 | G10: ODISHA | H10: Sale | I10: 1 | J10: =VLOOKUP(G10,' State_Mapping'!A:B,2,0) -> 21-Odisha | K10: =IF(J10=$X$22,F10*E10%/2,0) -> 0 | L10: =IF(J10=$X$22,F10*E10%/2,0) -> 0 | M10: =IF(J10=$X$22,0,F10*E10%) -> 14.285714 | N10: =K10+L10+M10+F10 -> 300 | O10: =(M10+L10+K10)/F10=E10% -> TRUE | Y10: 1
A11: Messo | B11: 2025-10-23 | C11: 212882143294190912_1 | D11: 6111 | E11: 5 | F11: 352.38095 | G11: KERALA | H11: Sale | I11: 1 | J11: =VLOOKUP(G11,' State_Mapping'!A:B,2,0) -> 32-Kerala | K11: =IF(J11=$X$22,F11*E11%/2,0) -> 0 | L11: =IF(J11=$X$22,F11*E11%/2,0) -> 0 | M11: =IF(J11=$X$22,0,F11*E11%) -> 17.619048 | N11: =K11+L11+M11+F11 -> 370 | O11: =(M11+L11+K11)/F11=E11% -> TRUE | Y11: 1
A12: Messo | B12: 2025-10-31 | C12: 215659617052556224_1 | D12: 611120 | E12: 5 | F12: 432.38095 | G12: UTTAR PRADESH | H12: Sale | I12: 1 | J12: =VLOOKUP(G12,' State_Mapping'!A:B,2,0) -> 09-Uttar Pradesh | K12: =IF(J12=$X$22,F12*E12%/2,0) -> 0 | L12: =IF(J12=$X$22,F12*E12%/2,0) -> 0 | M12: =IF(J12=$X$22,0,F12*E12%) -> 21.619048 | N12: =K12+L12+M12+F12 -> 454 | O12: =(M12+L12+K12)/F12=E12% -> TRUE | Y12: 1
A13: Messo | B13: 2025-10-26 | C13: 213849024539893248_1 | D13: 6111 | E13: 5 | F13: 320.95238 | G13: ASSAM | H13: Sale | I13: 1 | J13: =VLOOKUP(G13,' State_Mapping'!A:B,2,0) -> 18-Assam | K13: =IF(J13=$X$22,F13*E13%/2,0) -> 0 | L13: =IF(J13=$X$22,F13*E13%/2,0) -> 0 | M13: =IF(J13=$X$22,0,F13*E13%) -> 16.047619 | N13: =K13+L13+M13+F13 -> 337 | O13: =(M13+L13+K13)/F13=E13% -> TRUE | Y13: 1
A14: Messo | B14: 2025-10-29 | C14: 215120786349442368_1 | D14: 611120 | E14: 5 | F14: 433.33333 | G14: MADHYA PRADESH | H14: Sale | I14: 1 | J14: =VLOOKUP(G14,' State_Mapping'!A:B,2,0) -> 23-Madhya Pradesh | K14: =IF(J14=$X$22,F14*E14%/2,0) -> 0 | L14: =IF(J14=$X$22,F14*E14%/2,0) -> 0 | M14: =IF(J14=$X$22,0,F14*E14%) -> 21.666667 | N14: =K14+L14+M14+F14 -> 455 | O14: =(M14+L14+K14)/F14=E14% -> TRUE | Y14: 1
... A21: Messo | B21: 2025-10-28 | C21: 214793307422913856_1 | D21: 6111 | E21: 5 | F21: 284.7619 | G21: ANDHRA PRADESH | H21: Sale | I21: 1 | J21: =VLOOKUP(G21,' State_Mapping'!A:B,2,0) -> 37-Andhra Pradesh | K21: =IF(J21=$X$22,F21*E21%/2,0) -> 0 | L21: =IF(J21=$X$22,F21*E21%/2,0) -> 0 | M21: =IF(J21=$X$22,0,F21*E21%) -> 14.238095 | N21: =K21+L21+M21+F21 -> 299 | O21: =(M21+L21+K21)/F21=E21% -> TRUE | Y21: 1
A22: Messo | B22: 2025-10-27 | C22: 214270780731688896_1 | D22: 6111 | E22: 5 | F22: 281.90476 | G22: KERALA | H22: Sale | I22: 1 | J22: =VLOOKUP(G22,' State_Mapping'!A:B,2,0) -> 32-Kerala | K22: =IF(J22=$X$22,F22*E22%/2,0) -> 0 | L22: =IF(J22=$X$22,F22*E22%/2,0) -> 0 | M22: =IF(J22=$X$22,0,F22*E22%) -> 14.095238 | N22: =K22+L22+M22+F22 -> 296 | O22: =(M22+L22+K22)/F22=E22% -> TRUE | X22: 19-West Bengal | Y22: 1
A23: Messo | B23: 2025-10-27 | C23: 214334552870044288_1 | D23: 6111 | E23: 5 | F23: 363.80952 | G23: KERALA | H23: Sale | I23: 1 | J23: =VLOOKUP(G23,' State_Mapping'!A:B,2,0) -> 32-Kerala | K23: =IF(J23=$X$22,F23*E23%/2,0) -> 0 | L23: =IF(J23=$X$22,F23*E23%/2,0) -> 0 | M23: =IF(J23=$X$22,0,F23*E23%) -> 18.190476 | N23: =K23+L23+M23+F23 -> 382 | O23: =(M23+L23+K23)/F23=E23% -> TRUE | Y23: 1
A24: Messo | B24: 2025-10-26 | C24: 214067237081874114_1 | D24: 6111 | E24: 5 | F24: 362.85714 | G24: TAMIL NADU | H24: Sale | I24: 1 | J24: =VLOOKUP(G24,' State_Mapping'!A:B,2,0) -> 33-Tamil Nadu | K24: =IF(J24=$X$22,F24*E24%/2,0) -> 0 | L24: =IF(J24=$X$22,F24*E24%/2,0) -> 0 | M24: =IF(J24=$X$22,0,F24*E24%) -> 18.142857 | N24: =K24+L24+M24+F24 -> 381 | O24: =(M24+L24+K24)/F24=E24% -> TRUE | Y24: 1
A25: Messo | B25: 2025-10-31 | C25: 215620244244636160_1 | D25: 611120 | E25: 5 | F25: 440.95238 | G25: WEST BENGAL | H25: Sale | I25: 1 | J25: =VLOOKUP(G25,' State_Mapping'!A:B,2,0) -> 19-West Bengal | K25: =IF(J25=$X$22,F25*E25%/2,0) -> 11.02381 | L25: =IF(J25=$X$22,F25*E25%/2,0) -> 11.02381 | M25: =IF(J25=$X$22,0,F25*E25%) -> 0 | N25: =K25+L25+M25+F25 -> 463 | O25: =(M25+L25+K25)/F25=E25% -> TRUE | Y25: 1
A26: Messo | B26: 2025-10-28 | C26: 214774703414548802_1 | D26: 6111 | E26: 5 | F26: 342.85714 | G26: KARNATAKA | H26: Sale | I26: 1 | J26: =VLOOKUP(G26,' State_Mapping'!A:B,2,0) -> 29-Karnataka | K26: =IF(J26=$X$22,F26*E26%/2,0) -> 0 | L26: =IF(J26=$X$22,F26*E26%/2,0) -> 0 | M26: =IF(J26=$X$22,0,F26*E26%) -> 17.142857 | N26: =K26+L26+M26+F26 -> 360 | O26: =(M26+L26+K26)/F26=E26% -> TRUE | Y26: 1
A27: Messo | B27: 2025-10-31 | C27: 215675376180952000_1 | D27: 611120 | E27: 5 | F27: 455.2381 | G27: TRIPURA | H27: Sale | I27: 1 | J27: =VLOOKUP(G27,' State_Mapping'!A:B,2,0) -> 16-Tripura | K27: =IF(J27=$X$22,F27*E27%/2,0) -> 0 | L27: =IF(J27=$X$22,F27*E27%/2,0) -> 0 | M27: =IF(J27=$X$22,0,F27*E27%) -> 22.761905 | N27: =K27+L27+M27+F27 -> 478 | O27: =(M27+L27+K27)/F27=E27% -> TRUE | Y27: 1
A28: Messo | B28: 2025-10-25 | C28: 213662166713716544_1 | D28: 6111 | E28: 5 | F28: 316.19048 | G28: WEST BENGAL | H28: Sale | I28: 1 | J28: =VLOOKUP(G28,' State_Mapping'!A:B,2,0) -> 19-West Bengal | K28: =IF(J28=$X$22,F28*E28%/2,0) -> 7.9047619 | L28: =IF(J28=$X$22,F28*E28%/2,0) -> 7.9047619 | M28: =IF(J28=$X$22,0,F28*E28%) -> 0 | N28: =K28+L28+M28+F28 -> 332 | O28: =(M28+L28+K28)/F28=E28% -> TRUE | Y28: 1
A29: Messo | B29: 2025-10-18 | C29: 211004573153786368_1 | D29: 6111 | E29: 5 | F29: 299.04762 | G29: TAMIL NADU | H29: Sale | I29: 1 | J29: =VLOOKUP(G29,' State_Mapping'!A:B,2,0) -> 33-Tamil Nadu | K29: =IF(J29=$X$22,F29*E29%/2,0) -> 0 | L29: =IF(J29=$X$22,F29*E29%/2,0) -> 0 | M29: =IF(J29=$X$22,0,F29*E29%) -> 14.952381 | N29: =K29+L29+M29+F29 -> 314 | O29: =(M29+L29+K29)/F29=E29% -> TRUE | Y29: 1
A30: Messo | B30: 2025-10-31 | C30: 215703836236150144_1 | D30: 6111 | E30: 5 | F30: 324.7619 | G30: MAHARASHTRA | H30: Sale | I30: 1 | J30: =VLOOKUP(G30,' State_Mapping'!A:B,2,0) -> 27-Maharashtra | K30: =IF(J30=$X$22,F30*E30%/2,0) -> 0 | L30: =IF(J30=$X$22,F30*E30%/2,0) -> 0 | M30: =IF(J30=$X$22,0,F30*E30%) -> 16.238095 | N30: =K30+L30+M30+F30 -> 341 | O30: =(M30+L30+K30)/F30=E30% -> TRUE | Y30: 1
A31: Messo | B31: 2025-10-22 | C31: 212545075002083264_1 | D31: 6111 | E31: 5 | F31: 380.95238 | G31: ANDHRA PRADESH | H31: Sale | I31: 1 | J31: =VLOOKUP(G31,' State_Mapping'!A:B,2,0) -> 37-Andhra Pradesh | K31: =IF(J31=$X$22,F31*E31%/2,0) -> 0 | L31: =IF(J31=$X$22,F31*E31%/2,0) -> 0 | M31: =IF(J31=$X$22,0,F31*E31%) -> 19.047619 | N31: =K31+L31+M31+F31 -> 400 | O31: =(M31+L31+K31)/F31=E31% -> TRUE | Y31: 1
A32: Messo | B32: 2025-10-26 | C32: 213908405075707840_1 | D32: 611120 | E32: 5 | F32: 292.38095 | G32: CHHATTISGARH | H32: Sale | I32: 1 | J32: =VLOOKUP(G32,' State_Mapping'!A:B,2,0) -> 22-Chhattisgarh | K32: =IF(J32=$X$22,F32*E32%/2,0) -> 0 | L32: =IF(J32=$X$22,F32*E32%/2,0) -> 0 | M32: =IF(J32=$X$22,0,F32*E32%) -> 14.619048 | N32: =K32+L32+M32+F32 -> 307 | O32: =(M32+L32+K32)/F32=E32% -> TRUE | Y32: 1
A33: Messo | B33: 2025-10-27 | C33: 214207252638397760_1 | D33: 6111 | E33: 5 | F33: 347.61905 | G33: ODISHA | H33: Sale | I33: 1 | J33: =VLOOKUP(G33,' State_Mapping'!A:B,2,0) -> 21-Odisha | K33: =IF(J33=$X$22,F33*E33%/2,0) -> 0 | L33: =IF(J33=$X$22,F33*E33%/2,0) -> 0 | M33: =IF(J33=$X$22,0,F33*E33%) -> 17.380952 | N33: =K33+L33+M33+F33 -> 365 | O33: =(M33+L33+K33)/F33=E33% -> TRUE | Y33: 1
A34: Messo | B34: 2025-10-24 | C34: 213314098170984960_1 | D34: 6111 | E34: 5 | F34: 360.95238 | G34: KERALA | H34: Sale | I34: 1 | J34: =VLOOKUP(G34,' State_Mapping'!A:B,2,0) -> 32-Kerala | K34: =IF(J34=$X$22,F34*E34%/2,0) -> 0 | L34: =IF(J34=$X$22,F34*E34%/2,0) -> 0 | M34: =IF(J34=$X$22,0,F34*E34%) -> 18.047619 | N34: =K34+L34+M34+F34 -> 379 | O34: =(M34+L34+K34)/F34=E34% -> TRUE | Y34: 1
A35: Messo | B35: 2025-10-30 | C35: 215182102772293120_1 | D35: 611120 | E35: 5 | F35: 416.19048 | G35: RAJASTHAN | H35: Sale | I35: 1 | J35: =VLOOKUP(G35,' State_Mapping'!A:B,2,0) -> 08-Rajasthan | K35: =IF(J35=$X$22,F35*E35%/2,0) -> 0 | L35: =IF(J35=$X$22,F35*E35%/2,0) -> 0 | M35: =IF(J35=$X$22,0,F35*E35%) -> 20.809524 | N35: =K35+L35+M35+F35 -> 437 | O35: =(M35+L35+K35)/F35=E35% -> TRUE | Y35: 1
A36: Messo | B36: 2025-10-31 | C36: 215724414468846976_1 | D36: 6111 | E36: 5 | F36: -362.85714 | G36: TAMIL NADU | H36: Return | I36: -1 | J36: =VLOOKUP(G36,' State_Mapping'!A:B,2,0) -> 33-Tamil Nadu | K36: =IF(J36=$X$22,F36*E36%/2,0) -> 0 | L36: =IF(J36=$X$22,F36*E36%/2,0) -> 0 | M36: =IF(J36=$X$22,0,F36*E36%) -> -18.142857 | N36: =K36+L36+M36+F36 -> -381 | O36: =(M36+L36+K36)/F36=E36% -> TRUE | Z36: =-I36 -> 1
A37: Messo | B37: 2025-10-15 | C37: 209946414817507840_1 | D37: 6111 | E37: 5 | F37: -303.80952 | G37: TAMIL NADU | H37: Return | I37: -1 | J37: =VLOOKUP(G37,' State_Mapping'!A:B,2,0) -> 33-Tamil Nadu | K37: =IF(J37=$X$22,F37*E37%/2,0) -> 0 | L37: =IF(J37=$X$22,F37*E37%/2,0) -> 0 | M37: =IF(J37=$X$22,0,F37*E37%) -> -15.190476 | N37: =K37+L37+M37+F37 -> -319 | O37: =(M37+L37+K37)/F37=E37% -> TRUE | Z37: =-I37 -> 1
A38: Messo | B38: 2025-10-23 | C38: 212882143294190912_1 | D38: 6111 | E38: 5 | F38: -352.38095 | G38: KERALA | H38: Return | I38: -1 | J38: =VLOOKUP(G38,' State_Mapping'!A:B,2,0) -> 32-Kerala | K38: =IF(J38=$X$22,F38*E38%/2,0) -> 0 | L38: =IF(J38=$X$22,F38*E38%/2,0) -> 0 | M38: =IF(J38=$X$22,0,F38*E38%) -> -17.619048 | N38: =K38+L38+M38+F38 -> -370 | O38: =(M38+L38+K38)/F38=E38% -> TRUE | Z38: =-I38 -> 1

Sheet  State_Mapping
A1: Jammu and Kashmir | B1: 01-Jammu & Kashmir
A2: Himachal Pradesh | B2: 02-Himachal Pradesh
A3: Punjab | B3: 03-Punjab
A4: Chandigarh | B4: 04-Chandigarh
A5: Uttarakhand | B5: 05-Uttarakhand
A6: Haryana | B6: 06-Haryana
A7: Delhi | B7: 07-Delhi
A8: Rajasthan | B8: 08-Rajasthan
A9: Uttar Pradesh | B9: 09-Uttar Pradesh
A10: Bihar | B10: 10-Bihar
A11: Sikkim | B11: 11-Sikkim
A12: Arunachal Pradesh | B12: 12-Arunachal Pradesh
... A46: Daman & Diu | B46: 25-Daman & Diu

Sheet Sheet3
A1: MEGHALAYA
A2: ANDAMAN AND NICOBAR ISLANDS | E2: APRIL | F2: 1 | G2: 6
A3: Andaman & Nicobar Islands | E3: MAY | F3: 2 | G3: 6
E4: JUNE | F4: 3 | G4: 6
E5: JULY | F5: 4 | G5: 9
E6: SEPT | F6: 6 | G6: 9
E7: OCT | F7: 7 | G7: 12
E8: nov | F8: 8 | G8: 12
E9: dec | F9: 9 | G9: 12
E10: JAN | F10: 10 | G10: 3
E11: FEB | F11: 11 | G11: 3
E12: MARCH | F12: 12 | G12: 3
E13: AUG | F13: 5 | G13: 9
E14: MAR | F14: 13 | G14: 3

Sheet Sheet5
A1: 1 | B1: =-A1 -> -1 | D1: 1 | E1: =-D1 -> -1 | F1: 341.90476 | G1: =-F1 -> -341.90476
A2: 1 | B2: =-A2 -> -1 | D2: 1 | E2: =-D2 -> -1 | F2: 177.14286 | G2: =-F2 -> -177.14286
A3: 1 | B3: =-A3 -> -1 | D3: 1 | E3: =-D3 -> -1 | F3: 379.04762 | G3: =-F3 -> -379.04762
A4: 1 | B4: =-A4 -> -1 | D4: 1 | E4: =-D4 -> -1 | F4: 360.95238 | G4: =-F4 -> -360.95238
A5: 1 | B5: =-A5 -> -1 | D5: 1 | E5: =-D5 -> -1 | F5: 169.52381 | G5: =-F5 -> -169.52381
A6: 1 | B6: =-A6 -> -1 | D6: 1 | E6: =-D6 -> -1 | F6: 221.90476 | G6: =-F6 -> -221.90476 | H6: 6828
A7: 1 | B7: =-A7 -> -1 | D7: 1 | E7: =-D7 -> -1 | F7: 172.38095 | G7: =-F7 -> -172.38095 | H7: 6982 | I7: =H7-H6 -> 154
A8: 1 | B8: =-A8 -> -1 | D8: 1 | E8: =-D8 -> -1 | F8: 177.14286 | G8: =-F8 -> -177.14286
A9: 1 | B9: =-A9 -> -1 | D9: 1 | E9: =-D9 -> -1 | F9: 212.38095 | G9: =-F9 -> -212.38095 | H9: 6971
A10: 1 | B10: =-A10 -> -1 | D10: 1 | E10: =-D10 -> -1 | F10: 161.90476 | G10: =-F10 -> -161.90476 | H10: =H9-H6 -> 143
A11: 1 | B11: =-A11 -> -1 | D11: 1 | E11: =-D11 -> -1 | F11: 312.38095 | G11: =-F11 -> -312.38095
A12: 1 | B12: =-A12 -> -1 | D12: 1 | E12: =-D12 -> -1 | F12: 379.04762 | G12: =-F12 -> -379.04762
A13: 1 | B13: =-A13 -> -1 | D13: 1 | E13: =-D13 -> -1 | F13: 342.85714 | G13: =-F13 -> -342.85714
A14: 1 | B14: =-A14 -> -1 | D14: 1 | E14: =-D14 -> -1 | F14: 349.52381 | G14: =-F14 -> -349.52381
A15: 1 | B15: =-A15 -> -1 | D15: 1 | E15: =-D15 -> -1 | F15: 343.80952 | G15: =-F15 -> -343.80952
A16: 1 | B16: =-A16 -> -1 | D16: 1 | E16: =-D16 -> -1 | F16: 353.33333 | G16: =-F16 -> -353.33333
A17: 1 | B17: =-A17 -> -1 | D17: 1 | E17: =-D17 -> -1 | F17: 194.28571 | G17: =-F17 -> -194.28571
A18: 1 | B18: =-A18 -> -1 | D18: 1 | E18: =-D18 -> -1 | F18: 340 | G18: =-F18 -> -340
A19: 1 | B19: =-A19 -> -1 | D19: 1 | E19: =-D19 -> -1 | F19: 376.19048 | G19: =-F19 -> -376.19048
A20: 1 | B20: =-A20 -> -1 | D20: 1 | E20: =-D20 -> -1 | F20: 361.90476 | G20: =-F20 -> -361.90476
A21: 1 | B21: =-A21 -> -1 | D21: 1 | E21: =-D21 -> -1 | F21: 375.2381 | G21: =-F21 -> -375.2381
A22: 1 | B22: =-A22 -> -1 | D22: 1 | E22: =-D22 -> -1 | F22: 172.38095 | G22: =-F22 -> -172.38095
... A154: 1 | B154: =-A154 -> -1 | D154: 1 | E154: =-D154 -> -1 | F154: 368.57143 | G154: =-F154 -> -368.57143
A155: 1 | B155: =-A155 -> -1
A156: 1 | B156: =-A156 -> -1
A157: 1 | B157: =-A157 -> -1
A158: 1 | B158: =-A158 -> -1
A159: 1 | B159: =-A159 -> -1
A160: 1 | B160: =-A160 -> -1
A161: 1 | B161: =-A161 -> -1
A162: 1 | B162: =-A162 -> -1
A163: 1 | B163: =-A163 -> -1
A164: 1 | B164: =-A164 -> -1
A165: 1 | B165: =-A165 -> -1
A166: 1 | B166: =-A166 -> -1
... A1427: 1 | B1427: =-A1427 -> -1
